,Pclass,Age,SibSp,Parch,Fare,Male,x0_C,x0_S,Survived
329,1,-0.6896551724137931,0,1,1.8850478137343218,0,1.0,0.0,1
749,3,0.3448275862068966,0,0,-0.29035583119672925,1,0.0,0.0,0
203,3,1.3448275862068966,0,0,-0.31309334072482853,1,1.0,0.0,0
421,3,-0.3448275862068966,0,0,-0.29107910054743263,1,0.0,0.0,0
97,1,-0.20689655172413793,0,1,2.1180141708821285,1,1.0,0.0,1
714,2,1.793103448275862,0,0,-0.06298073591573695,1,0.0,1.0,0
43,2,-1.5862068965517242,1,1,1.1747713256184602,0,1.0,0.0,1
841,2,-0.6896551724137931,0,0,-0.1712545908114476,1,0.0,1.0,0
520,1,0.27586206896551724,0,0,3.423437391726145,0,0.0,1.0,1
652,3,-0.3448275862068966,0,0,-0.2607624211766337,1,0.0,1.0,0
156,3,-0.6896551724137931,0,0,-0.29107910054743263,0,0.0,0.0,1
226,2,-0.4827586206896552,0,0,-0.1712545908114476,1,0.0,1.0,1
425,3,-0.06896551724137931,0,0,-0.3120106021758714,1,0.0,1.0,0
580,2,-0.06896551724137931,1,1,0.6732814773750952,0,0.0,1.0,1
543,2,0.41379310344827586,1,0,0.5000433095419583,1,0.0,1.0,1
767,3,0.3103448275862069,0,0,-0.29035583119672925,0,0.0,0.0,0
102,1,-0.3448275862068966,0,1,2.721281442727461,1,0.0,1.0,0
267,3,-0.06896551724137931,1,0,-0.2892730926477721,1,0.0,1.0,1
279,3,0.6206896551724138,1,1,0.25101344328182384,0,0.0,1.0,1
389,2,-0.6206896551724138,0,0,-0.1062902778740212,0,1.0,0.0,1
107,3,-0.06896551724137931,0,0,-0.2892730926477721,1,0.0,1.0,1
853,1,-0.6896551724137931,0,1,1.080391171782967,0,0.0,1.0,1
368,3,-0.3103448275862069,0,0,-0.29035583119672925,0,0.0,0.0,1
621,1,1.103448275862069,1,0,1.6500935486106298,1,0.0,1.0,1
252,1,2.4827586206896552,0,0,0.5238635576190146,1,0.0,1.0,0
263,1,0.9655172413793104,0,0,-0.6260047813734322,1,0.0,1.0,0
877,3,-0.4827586206896552,0,0,-0.2840412999792114,1,0.0,1.0,0
260,3,-0.06896551724137931,0,0,-0.29035583119672925,1,0.0,0.0,0
880,2,-0.06896551724137931,0,1,0.5000433095419583,0,0.0,1.0,1
527,1,0.9655172413793104,0,0,8.97915078650128,1,0.0,1.0,0
349,3,1.103448275862069,0,0,-0.2508358741597949,1,0.0,1.0,0
713,3,0.20689655172413793,0,0,-0.21528740212043518,1,0.0,1.0,0
546,2,-0.4827586206896552,1,0,0.5000433095419583,0,0.0,1.0,1
374,3,-1.5862068965517242,1,1,0.2867438153974083,0,0.0,1.0,0
363,3,0.6206896551724138,0,0,-0.32067251056752827,1,0.0,1.0,0
814,3,0.3103448275862069,0,0,-0.277362968609244,1,0.0,1.0,0
568,3,-0.06896551724137931,0,0,-0.3129114406486037,1,1.0,0.0,0
800,2,0.5517241379310345,0,0,-0.06298073591573695,1,0.0,1.0,0
768,3,-0.06896551724137931,1,0,0.41992065691913233,1,0.0,0.0,0
709,3,-0.06896551724137931,1,1,0.03428383341417777,1,1.0,0.0,1
693,3,-0.06896551724137931,0,0,-0.31309334072482853,1,1.0,0.0,0
738,3,-0.06896551724137931,0,0,-0.2840412999792114,1,0.0,1.0,0
587,1,2.3448275862068964,1,1,2.8041109417226804,1,1.0,0.0,1
798,3,0.27586206896551724,0,0,-0.3129114406486037,1,1.0,0.0,0
660,1,1.6551724137931034,1,0,5.162315501351258,1,0.0,1.0,1
852,3,-1.1724137931034482,1,1,0.03428383341417777,0,1.0,0.0,0
703,3,-0.06896551724137931,0,0,-0.290715300394983,1,0.0,0.0,0
886,2,0.06896551724137931,0,0,-0.06298073591573695,1,0.0,1.0,0
525,3,1.0,0,0,-0.29035583119672925,1,0.0,0.0,0
178,2,0.27586206896551724,0,0,-0.06298073591573695,1,0.0,1.0,0
399,2,0.13793103448275862,0,0,-0.07813907560113643,0,0.0,1.0,1
79,3,0.27586206896551724,0,0,-0.0857182454438362,0,0.0,1.0,1
851,3,3.310344827586207,0,0,-0.2892730926477721,1,0.0,1.0,0
246,3,-0.06896551724137931,0,0,-0.2892730926477721,0,0.0,1.0,0
202,3,0.5517241379310345,0,0,-0.3446746587208094,1,0.0,1.0,0
637,2,0.3448275862068966,1,1,0.5108706950315294,1,0.0,1.0,0
804,3,0.06896551724137931,0,0,-0.32392072621439955,1,0.0,1.0,1
230,1,0.6206896551724138,1,0,2.9892592335943453,0,0.0,1.0,1
50,3,-1.3103448275862069,1,1,1.092842665095974,1,0.0,1.0,0
166,1,0.6206896551724138,0,1,1.7560200263322014,0,0.0,1.0,1
529,2,-0.20689655172413793,1,1,-0.12794504885316332,1,0.0,1.0,0
606,3,0.27586206896551724,0,0,-0.2840412999792114,1,0.0,1.0,0
7,3,-1.6551724137931034,1,1,0.2867438153974083,1,0.0,1.0,0
858,3,-0.13793103448275862,0,1,0.20806337052179327,0,1.0,0.0,1
335,3,-0.06896551724137931,0,0,-0.2840412999792114,1,0.0,1.0,0
832,3,-0.06896551724137931,0,0,-0.3129114406486037,1,1.0,0.0,0
232,2,2.2758620689655173,0,0,-0.041325964936594836,1,0.0,1.0,0
150,2,1.7241379310344827,0,0,-0.08355276834592196,1,0.0,1.0,0
373,1,-0.27586206896551724,0,0,5.248211315917122,1,1.0,0.0,0
447,1,0.5517241379310345,0,0,0.5238635576190146,1,0.0,1.0,1
85,3,0.4827586206896552,1,0,0.06045145866537313,0,0.0,1.0,1
565,3,-0.13793103448275862,1,0,0.41992065691913233,1,0.0,1.0,0
132,3,1.4482758620689655,1,0,0.001983577021689412,0,0.0,1.0,0
662,1,1.4482758620689655,0,0,0.48217812348416594,1,0.0,1.0,0
344,2,0.6896551724137931,0,0,-0.06298073591573695,1,0.0,1.0,0
783,3,-0.06896551724137931,1,1,0.3896039775483334,1,0.0,1.0,0
9,2,-0.8275862068965517,1,0,0.6763477929457417,0,1.0,0.0,1
254,3,1.0344827586206897,0,1,0.24938933545838812,0,0.0,1.0,0
766,1,0.9655172413793104,0,0,1.089053080174624,1,1.0,0.0,0
82,3,-0.3103448275862069,0,0,-0.2887317233732936,0,0.0,0.0,1
64,1,0.9655172413793104,0,0,0.5745703693437738,1,1.0,0.0,0
548,3,0.4827586206896552,1,1,0.26292356732035194,1,0.0,1.0,0
328,3,0.3448275862068966,1,1,0.26292356732035194,0,0.0,1.0,1
721,3,-0.6206896551724138,1,0,-0.32049061049130345,1,0.0,1.0,0
372,3,-0.4827586206896552,0,0,-0.277362968609244,1,0.0,1.0,0
119,3,-1.6551724137931034,1,1,0.7285011433719076,0,0.0,1.0,0
417,2,-0.5517241379310345,0,1,-0.06298073591573695,0,0.0,1.0,1
584,3,-0.06896551724137931,0,0,-0.24867039706188065,1,1.0,0.0,0
591,1,1.793103448275862,1,0,2.7636901462130137,0,1.0,0.0,1
416,2,0.5517241379310345,1,1,0.7815553322708059,0,0.0,1.0,1
801,2,0.3448275862068966,1,1,0.5108706950315294,0,0.0,1.0,1
512,1,0.6896551724137931,0,0,0.5124948028549651,1,0.0,1.0,1
455,3,0.20689655172413793,0,0,-0.2840412999792114,1,1.0,0.0,1
757,2,-0.5517241379310345,0,0,-0.12794504885316332,1,0.0,1.0,0
275,1,2.5517241379310347,1,0,2.7503334834730784,0,0.0,1.0,1
121,3,-0.06896551724137931,0,0,-0.277362968609244,1,0.0,1.0,0
443,2,0.13793103448275862,0,0,-0.06298073591573695,0,0.0,1.0,1
458,2,1.6551724137931034,0,0,-0.1712545908114476,0,0.0,1.0,1
653,3,-0.3103448275862069,0,0,-0.28692571547363316,0,0.0,0.0,1
725,3,-0.41379310344827586,0,0,-0.2508358741597949,1,0.0,1.0,0
395,3,-0.27586206896551724,0,0,-0.28837225417503987,1,0.0,1.0,0
754,2,1.5172413793103448,1,1,2.1891154459150437,0,0.0,1.0,1
40,3,0.9655172413793104,1,0,-0.21564687131868895,0,0.0,1.0,0
217,2,1.103448275862069,1,0,0.5433528515002425,1,0.0,1.0,0
457,1,0.6206896551724138,1,0,1.6201363384380845,0,0.0,1.0,1
732,2,0.27586206896551724,0,0,-0.6260047813734322,1,0.0,1.0,0
469,3,-1.7413793103448276,1,1,0.20806337052179327,0,1.0,0.0,1
250,3,-0.06896551724137931,0,0,-0.3120106021758714,1,0.0,1.0,0
124,1,1.9310344827586208,0,1,2.721281442727461,1,0.0,1.0,0
470,3,-0.06896551724137931,0,0,-0.3120106021758714,1,0.0,1.0,0
291,1,-0.4827586206896552,1,0,3.3185936525535307,0,1.0,0.0,1
169,3,0.13793103448275862,0,0,1.8208024391934032,1,0.0,1.0,0
300,3,-0.3103448275862069,0,0,-0.29035583119672925,0,0.0,0.0,1
666,2,-0.06896551724137931,0,0,-0.06298073591573695,1,0.0,1.0,0
885,3,0.896551724137931,0,1,0.6353856281615965,0,0.0,0.0,0
34,1,0.13793103448275862,1,0,2.9327749289723513,1,1.0,0.0,0
348,3,-1.5862068965517242,1,1,0.06261693576328738,1,0.0,1.0,1
163,3,-0.6206896551724138,0,0,-0.2508358741597949,1,0.0,1.0,0
159,3,-0.06896551724137931,1,1,2.3861738618252373,1,0.0,1.0,0
287,3,-0.27586206896551724,0,0,-0.2840412999792114,1,0.0,1.0,0
183,2,-1.7241379310344827,1,1,1.0630673549996534,1,0.0,1.0,1
369,1,-0.13793103448275862,0,0,2.375346476335666,0,1.0,0.0,1
597,3,1.5862068965517242,0,0,-0.6260047813734322,1,0.0,1.0,0
21,2,0.5517241379310345,0,0,-0.06298073591573695,1,0.0,1.0,1
706,2,1.3103448275862069,0,0,-0.041325964936594836,0,0.0,1.0,1
387,2,0.6896551724137931,0,0,-0.06298073591573695,0,0.0,1.0,1
283,3,-0.4827586206896552,0,0,-0.277362968609244,1,0.0,1.0,1
760,3,-0.06896551724137931,0,0,0.001983577021689412,1,0.0,1.0,0
770,3,-0.13793103448275862,0,0,-0.21456413276973182,1,0.0,1.0,0
762,3,-0.41379310344827586,0,0,-0.3129114406486037,1,1.0,0.0,1
160,3,1.2413793103448276,0,1,0.07127884415494427,1,0.0,1.0,0
343,2,-0.06896551724137931,0,0,-0.06298073591573695,1,0.0,1.0,0
120,2,-0.3448275862068966,1,0,2.55724655256046,1,0.0,1.0,0
314,2,1.1724137931034482,1,1,0.5108706950315294,1,0.0,1.0,0
127,3,-0.13793103448275862,0,0,-0.31670102556995355,1,0.0,1.0,1
834,3,-0.5517241379310345,0,0,-0.2665355831196729,1,0.0,1.0,0
672,2,3.0344827586206895,0,0,-0.1712545908114476,1,0.0,1.0,0
80,3,-0.27586206896551724,0,0,-0.23621890374887394,1,0.0,1.0,0
691,3,-1.5172413793103448,0,1,-0.04493364978171989,0,1.0,0.0,1
415,3,-0.3103448275862069,0,0,-0.277362968609244,0,0.0,1.0,0
654,3,-0.5517241379310345,0,0,-0.3336653731550135,0,0.0,0.0,0
446,2,-0.896551724137931,0,1,0.21853128681311065,0,0.0,1.0,1
192,3,-0.4827586206896552,1,0,-0.2858429769246761,0,0.0,1.0,1
22,3,-0.7586206896551724,0,0,-0.27826380708197634,0,0.0,0.0,1
181,2,0.27586206896551724,0,0,0.025803825098745778,1,1.0,0.0,0
586,2,1.4482758620689655,0,0,0.023638348000831536,1,0.0,1.0,0
492,1,2.0,0,0,0.6949362483542374,1,0.0,1.0,0
656,3,-0.06896551724137931,0,0,-0.2840412999792114,1,0.0,1.0,0
122,2,0.4482758620689655,1,0,0.6763477929457417,1,1.0,0.0,0
682,3,-0.41379310344827586,0,0,-0.22647425680826,1,0.0,1.0,0
874,2,0.13793103448275862,1,0,0.4134242256253898,0,1.0,0.0,1
704,3,0.0,1,0,-0.2858429769246761,1,0.0,1.0,0
212,3,-0.27586206896551724,0,0,-0.3120106021758714,1,0.0,1.0,0
66,2,0.20689655172413793,0,0,-0.1712545908114476,0,0.0,1.0,1
508,3,0.13793103448275862,0,0,0.34954265123692047,1,0.0,1.0,0
190,2,0.41379310344827586,0,0,-0.06298073591573695,0,0.0,1.0,1
84,2,-0.6206896551724138,0,0,-0.1712545908114476,0,0.0,1.0,1
242,2,0.20689655172413793,0,0,-0.1712545908114476,1,0.0,1.0,0
155,1,1.7241379310344827,0,1,2.0323002563924883,1,1.0,0.0,0
331,1,1.3448275862068966,0,0,0.6083171644376689,1,0.0,1.0,0
785,3,-0.06896551724137931,0,0,-0.3120106021758714,1,0.0,1.0,0
751,3,-1.3793103448275863,0,1,-0.0857182454438362,1,0.0,1.0,1
828,3,-0.06896551724137931,0,0,-0.29035583119672925,1,0.0,0.0,1
101,3,-0.06896551724137931,0,0,-0.2840412999792114,1,0.0,1.0,0
228,2,-0.5517241379310345,0,0,-0.06298073591573695,1,0.0,1.0,0
505,1,-0.5517241379310345,1,0,4.090404337883722,1,1.0,0.0,0
718,3,-0.06896551724137931,0,0,0.04529311897997366,1,0.0,0.0,0
836,3,-0.3448275862068966,0,0,-0.2508358741597949,1,0.0,1.0,0
879,1,2.0689655172413794,0,1,2.9755431016561564,0,1.0,0.0,1
517,3,-0.06896551724137931,0,0,0.41992065691913233,1,0.0,0.0,0
94,3,2.2758620689655173,0,0,-0.3120106021758714,1,0.0,1.0,0
667,3,-0.06896551724137931,0,0,-0.2892730926477721,1,0.0,1.0,0
679,1,0.6896551724137931,0,1,21.56273820248077,1,1.0,0.0,1
605,3,0.6896551724137931,1,0,0.0474585960778879,1,0.0,1.0,0
245,1,1.2413793103448276,1,0,3.27185399487215,1,0.0,0.0,0
332,1,0.8275862068965517,0,1,6.020385801399765,1,0.0,1.0,0
396,3,0.3448275862068966,0,0,-0.2858429769246761,0,0.0,1.0,0
729,3,-0.06896551724137931,1,0,-0.2827766613540295,0,0.0,1.0,0
867,1,0.3448275862068966,0,0,1.5609451874436977,1,0.0,1.0,0
845,3,1.103448275862069,0,0,-0.2990177395883861,1,0.0,1.0,0
289,3,-0.27586206896551724,0,0,-0.29035583119672925,0,0.0,0.0,1
142,3,-0.13793103448275862,1,0,0.06045145866537313,0,0.0,1.0,1
476,2,0.5517241379310345,1,0,0.283495599750537,1,0.0,1.0,0
376,3,-0.27586206896551724,0,0,-0.3120106021758714,0,0.0,1.0,1
684,2,2.3448275862068964,1,1,1.0630673549996534,1,0.0,1.0,0
292,2,0.6896551724137931,0,0,-0.06839442866052249,1,1.0,0.0,0
45,3,-0.06896551724137931,0,0,-0.277362968609244,1,0.0,1.0,0
430,1,0.13793103448275862,0,0,0.5238635576190146,1,0.0,1.0,1
384,3,-0.06896551724137931,0,0,-0.2840412999792114,1,0.0,1.0,0
623,3,-0.3448275862068966,0,0,-0.2858429769246761,1,0.0,1.0,0
461,3,0.5517241379310345,0,0,-0.277362968609244,1,0.0,1.0,0
485,3,-0.3103448275862069,1,1,0.4769463308156052,0,0.0,1.0,0
26,3,-0.06896551724137931,0,0,-0.31309334072482853,1,1.0,0.0,0
362,3,1.3103448275862069,0,1,0.0,0,1.0,0.0,0
268,1,2.206896551724138,0,1,6.020385801399765,0,0.0,1.0,1
63,3,-1.5172413793103448,1,1,0.5823314392626983,1,0.0,1.0,0
664,3,-0.41379310344827586,1,0,-0.2827766613540295,1,0.0,1.0,1
793,1,0.9655172413793104,0,0,0.7034162566696693,1,1.0,0.0,0
866,2,0.06896551724137931,1,0,-0.025808156052941598,0,1.0,0.0,1
33,2,2.7586206896551726,0,0,-0.1712545908114476,1,0.0,1.0,0
462,1,1.4482758620689655,0,0,1.0414125840205113,1,0.0,1.0,0
747,2,0.27586206896551724,0,0,-0.06298073591573695,0,0.0,1.0,1
429,3,0.41379310344827586,0,0,-0.277362968609244,1,0.0,1.0,1
118,1,-0.13793103448275862,0,1,10.094007691774651,1,1.0,0.0,0
15,2,2.0,0,0,0.06694788995911578,0,0.0,1.0,1
716,1,0.8275862068965517,0,0,9.227998752685192,0,1.0,0.0,1
42,3,-0.06896551724137931,0,0,-0.2840412999792114,1,1.0,0.0,0
478,3,-0.27586206896551724,0,0,-0.300282378213568,1,0.0,1.0,0
174,1,2.0689655172413794,0,0,0.7034162566696693,1,1.0,0.0,0
392,3,0.13793103448275862,1,0,-0.2827766613540295,1,0.0,1.0,0
499,3,-0.13793103448275862,0,0,-0.28837225417503987,1,0.0,1.0,0
657,3,0.41379310344827586,1,1,0.04529311897997366,0,0.0,0.0,0
93,3,0.0,1,1,0.2650890444182662,1,0.0,1.0,0
449,1,1.793103448275862,0,0,0.6949362483542374,1,0.0,1.0,1
426,2,0.13793103448275862,1,0,0.5000433095419583,0,0.0,1.0,1
556,1,1.5172413793103448,1,0,1.089053080174624,0,1.0,0.0,1
607,1,0.06896551724137931,0,0,0.6949362483542374,1,0.0,1.0,1
153,3,1.0,0,1,0.001983577021689412,1,0.0,1.0,0
116,3,3.0689655172413794,0,0,-0.29035583119672925,1,0.0,0.0,0
594,2,0.7586206896551724,1,0,0.5000433095419583,1,0.0,1.0,0
881,3,0.4827586206896552,0,0,-0.2840412999792114,1,0.0,1.0,0
750,2,-1.5172413793103448,1,1,0.37011468366710554,0,0.0,1.0,1
756,3,0.13793103448275862,0,0,-0.28837225417503987,1,0.0,1.0,0
18,3,0.3448275862068966,1,0,0.15356697387568427,0,0.0,1.0,0
23,1,0.13793103448275862,0,0,0.9114839581456586,1,0.0,1.0,1
276,3,1.3103448275862069,0,0,-0.29035583119672925,0,0.0,1.0,0
30,1,0.9655172413793104,0,0,0.5745703693437738,1,1.0,0.0,0
648,3,-0.06896551724137931,0,0,-0.2990177395883861,1,0.0,1.0,0
0,3,-0.27586206896551724,1,0,-0.3120106021758714,1,0.0,1.0,0
72,2,-0.3448275862068966,0,0,2.55724655256046,1,0.0,1.0,0
803,3,-1.7641379310344827,0,1,-0.2571504053773127,1,1.0,0.0,1
468,3,-0.06896551724137931,0,0,-0.2914385697456864,1,0.0,0.0,0
427,2,-0.4827586206896552,0,0,0.5000433095419583,0,0.0,1.0,1
534,3,0.27586206896551724,0,0,-0.2508358741597949,0,0.0,1.0,0
115,3,-0.3448275862068966,0,0,-0.2827766613540295,1,0.0,1.0,0
309,1,0.27586206896551724,0,0,1.8395727946781235,0,1.0,0.0,1
487,1,2.206896551724138,0,0,0.6602886147876099,1,1.0,0.0,0
625,1,2.413793103448276,0,0,0.7737942623518813,1,0.0,1.0,0
603,3,1.2413793103448276,0,0,-0.277362968609244,1,0.0,1.0,0
500,3,-0.6206896551724138,0,0,-0.2508358741597949,1,0.0,1.0,0
38,3,-0.5517241379310345,1,0,0.15356697387568427,0,0.0,1.0,0
24,3,-1.2413793103448276,1,1,0.2867438153974083,0,0.0,1.0,0
883,2,0.13793103448275862,0,0,-0.1712545908114476,1,0.0,1.0,0
326,3,2.413793103448276,0,0,-0.35586151340863414,1,0.0,1.0,0
199,2,-0.13793103448275862,0,0,-0.06298073591573695,0,0.0,1.0,0
205,3,-1.6551724137931034,0,1,-0.17287869863488323,0,0.0,1.0,0
320,3,-0.27586206896551724,0,0,-0.3120106021758714,1,0.0,1.0,0
431,3,-0.3103448275862069,1,0,0.07127884415494427,0,0.0,1.0,1
741,1,0.6896551724137931,1,0,2.7889526020372806,1,0.0,1.0,0
437,2,-0.13793103448275862,1,1,0.18604913034439746,0,0.0,1.0,1
553,3,-0.27586206896551724,0,0,-0.31309334072482853,1,1.0,0.0,1
825,3,-0.06896551724137931,0,0,-0.3250034647633567,1,0.0,0.0,0
311,1,-0.5517241379310345,1,1,10.737336289931397,0,1.0,0.0,1
258,1,0.6206896551724138,0,0,21.56273820248077,0,1.0,0.0,1
863,3,-0.3103448275862069,1,1,2.3861738618252373,0,0.0,1.0,0
456,1,2.689655172413793,0,0,0.5238635576190146,1,0.0,1.0,0
264,3,-0.3103448275862069,0,0,-0.29035583119672925,0,0.0,0.0,0
746,3,-0.6896551724137931,1,1,0.25101344328182384,1,0.0,1.0,0
719,3,0.4827586206896552,0,0,-0.2892730926477721,1,0.0,1.0,0
669,1,0.6206896551724138,1,0,1.6260914004573488,0,0.0,1.0,1
308,2,0.27586206896551724,1,0,0.4134242256253898,1,1.0,0.0,0
295,1,0.9655172413793104,0,0,0.5745703693437738,1,1.0,0.0,0
563,3,-0.06896551724137931,0,0,-0.277362968609244,1,0.0,1.0,0
379,3,-0.4827586206896552,0,0,-0.2892730926477721,1,0.0,1.0,0
542,3,-1.0344827586206897,1,1,0.7285011433719076,0,0.0,1.0,0
282,3,-0.6896551724137931,0,0,-0.21456413276973182,1,0.0,1.0,0
779,1,1.1724137931034482,0,1,8.526925542235466,0,0.0,1.0,1
148,2,0.7241379310344828,0,1,0.5000433095419583,1,0.0,1.0,0
378,3,-0.41379310344827586,0,0,-0.4522252442658167,1,1.0,0.0,0
561,3,0.9655172413793104,0,0,-0.2840412999792114,1,0.0,1.0,0
859,3,-0.06896551724137931,0,0,-0.3129114406486037,1,1.0,0.0,0
105,3,0.13793103448275862,0,0,-0.2840412999792114,1,0.0,1.0,0
71,3,-0.6896551724137931,1,1,1.405212736470099,0,0.0,1.0,0
114,3,-0.6206896551724138,0,0,0.00017756912202893625,0,1.0,0.0,0
234,2,-0.13793103448275862,0,0,-0.1712545908114476,1,0.0,1.0,0
347,3,-0.3103448275862069,1,0,0.07127884415494427,0,0.0,1.0,1
830,3,-0.7586206896551724,1,0,0.0,0,1.0,0.0,1
697,3,-0.3103448275862069,0,0,-0.29107910054743263,0,0.0,0.0,1
792,3,-0.3103448275862069,1,1,2.3861738618252373,0,0.0,1.0,0
610,3,0.896551724137931,1,1,0.7285011433719076,0,0.0,1.0,0
402,3,-0.3448275862068966,1,0,-0.20048853163328947,0,0.0,1.0,0
701,1,0.6206896551724138,0,0,0.5124948028549651,1,0.0,1.0,1
541,3,-1.1724137931034482,1,1,0.7285011433719076,0,0.0,1.0,0
49,3,-0.5517241379310345,1,0,0.14490506548402746,0,0.0,1.0,0
243,3,-0.27586206896551724,0,0,-0.31742429492065694,1,0.0,1.0,0
643,3,-0.06896551724137931,0,0,1.8208024391934032,1,0.0,1.0,1
302,3,-0.4827586206896552,0,0,-0.6260047813734322,1,0.0,1.0,0
278,3,-1.3103448275862069,1,1,0.6353856281615965,1,0.0,0.0,0
179,3,0.6896551724137931,0,0,-0.6260047813734322,1,0.0,1.0,0
201,3,-0.06896551724137931,1,1,2.3861738618252373,1,0.0,1.0,0
157,3,0.27586206896551724,0,0,-0.277362968609244,1,0.0,1.0,0
571,1,1.8620689655172413,1,0,1.6035357910054742,0,0.0,1.0,1
794,3,-0.06896551724137931,0,0,-0.2840412999792114,1,0.0,1.0,0
838,3,0.41379310344827586,0,0,1.8208024391934032,1,0.0,1.0,1
231,3,0.20689655172413793,0,0,-0.2892730926477721,1,0.0,1.0,0
619,2,0.0,0,0,-0.1712545908114476,1,0.0,1.0,0
450,2,0.6896551724137931,1,1,0.5758350079689557,1,0.0,1.0,0
808,2,0.896551724137931,0,0,-0.06298073591573695,1,0.0,1.0,0
711,1,0.9655172413793104,0,0,0.5238635576190146,1,0.0,1.0,0
518,2,0.6896551724137931,1,0,0.5000433095419583,0,0.0,1.0,1
708,1,-0.27586206896551724,0,0,5.937556302404546,0,0.0,1.0,1
789,1,1.3793103448275863,0,0,2.8041109417226804,1,1.0,0.0,0
453,1,1.5862068965517242,1,0,3.2330573071859194,1,1.0,0.0,1
298,1,0.9655172413793104,0,0,0.6949362483542374,1,0.0,1.0,1
730,1,0.20689655172413793,0,0,8.526925542235466,0,0.0,1.0,1
538,3,-0.06896551724137931,0,0,0.001983577021689412,1,0.0,1.0,0
297,1,-1.6551724137931034,1,1,5.937556302404546,0,0.0,1.0,0
352,3,-0.7586206896551724,1,1,-0.3129114406486037,1,1.0,0.0,0
32,3,-0.3103448275862069,0,0,-0.29035583119672925,0,0.0,0.0,1
545,1,2.6206896551724137,0,0,0.5000433095419583,1,0.0,1.0,0
386,3,-1.7241379310344827,1,1,1.405212736470099,1,0.0,1.0,0
204,3,-0.5517241379310345,0,0,-0.277362968609244,1,0.0,1.0,1
125,3,-0.9655172413793104,1,0,-0.13913190354098817,1,1.0,0.0,1
175,3,-0.5517241379310345,1,1,-0.2858429769246761,1,0.0,1.0,0
655,2,-0.13793103448275862,1,0,2.55724655256046,1,0.0,1.0,0
598,3,-0.06896551724137931,0,0,-0.31309334072482853,1,1.0,0.0,0
235,3,-0.3103448275862069,0,0,-0.2990177395883861,0,0.0,1.0,0
110,1,1.4482758620689655,0,0,1.6260914004573488,1,0.0,1.0,0
479,3,-1.6551724137931034,0,1,-0.09383878456101451,0,0.0,1.0,1
95,3,-0.06896551724137931,0,0,-0.277362968609244,1,0.0,1.0,0
528,3,0.896551724137931,0,0,-0.2827766613540295,1,0.0,1.0,0
778,3,-0.06896551724137931,0,0,-0.2908972004712078,1,0.0,0.0,0
20,2,0.6206896551724138,0,0,0.5000433095419583,1,0.0,1.0,0
763,1,0.6896551724137931,1,1,4.571140253620677,0,0.0,1.0,1
878,3,-0.06896551724137931,0,0,-0.2840412999792114,1,0.0,1.0,0
28,3,-0.3103448275862069,0,0,-0.28476023837571895,0,0.0,0.0,1
444,3,-0.06896551724137931,0,0,-0.2746561222368512,1,0.0,1.0,1
277,2,0.27586206896551724,0,0,-0.6260047813734322,1,0.0,1.0,0
734,2,-0.20689655172413793,0,0,-0.06298073591573695,1,0.0,1.0,0
284,1,0.9655172413793104,0,0,0.5000433095419583,1,0.0,1.0,0
618,2,-1.5172413793103448,1,1,1.0630673549996534,0,0.0,1.0,1
256,1,0.6206896551724138,0,0,2.8041109417226804,0,1.0,0.0,1
184,3,-1.5172413793103448,0,1,0.3278878802577783,0,0.0,1.0,1
398,2,-0.20689655172413793,0,0,-0.1712545908114476,1,0.0,1.0,0
876,3,-0.41379310344827586,0,0,-0.1995876931605571,1,0.0,1.0,0
211,2,0.6206896551724138,0,0,0.283495599750537,0,0.0,1.0,1
581,1,0.896551724137931,1,1,4.1763001524495875,0,1.0,0.0,1
89,3,-0.13793103448275862,0,0,-0.277362968609244,1,0.0,1.0,0
404,3,-0.41379310344827586,0,0,-0.2508358741597949,0,0.0,1.0,0
191,2,-0.4827586206896552,0,0,-0.06298073591573695,1,0.0,1.0,0
558,1,0.896551724137931,1,1,2.8236002356039083,0,0.0,1.0,1
593,3,-0.3103448275862069,0,1,-0.29035583119672925,0,0.0,0.0,0
724,1,0.06896551724137931,1,0,1.6737318966114614,1,0.0,1.0,1
474,3,-0.27586206896551724,0,0,-0.19994716235881088,0,0.0,1.0,0
771,3,1.5172413793103448,0,0,-0.2858429769246761,1,0.0,1.0,0
698,1,1.5862068965517242,1,1,4.1763001524495875,1,1.0,0.0,0
27,1,-0.4827586206896552,1,1,10.764404753655324,1,0.0,1.0,0
223,3,-0.06896551724137931,0,0,-0.2840412999792114,1,0.0,1.0,0
216,3,0.06896551724137931,0,0,-0.2827766613540295,0,0.0,1.0,1
248,1,0.7586206896551724,1,1,1.6500935486106298,1,0.0,1.0,1
189,3,0.6896551724137931,0,0,-0.2840412999792114,1,0.0,1.0,0
391,3,-0.3448275862068966,0,0,-0.28837225417503987,1,0.0,1.0,1
70,2,0.41379310344827586,0,0,-0.1712545908114476,1,0.0,1.0,0
578,3,-0.3103448275862069,1,0,0.00017756912202893625,0,1.0,0.0,0
533,3,-0.3103448275862069,0,1,0.34232295059247453,0,1.0,0.0,1
870,3,0.0,0,0,-0.2840412999792114,1,0.0,1.0,0
613,3,-0.06896551724137931,0,0,-0.29035583119672925,1,0.0,0.0,0
844,3,-0.6206896551724138,0,0,-0.2508358741597949,1,0.0,1.0,0
219,2,0.27586206896551724,0,0,-0.1712545908114476,1,0.0,1.0,0
233,3,-1.4482758620689655,1,1,0.7333734668422146,0,0.0,1.0,1
414,3,1.2413793103448276,0,0,-0.2827766613540295,1,0.0,1.0,1
288,2,1.103448275862069,0,0,-0.06298073591573695,1,0.0,1.0,1
743,3,-0.13793103448275862,1,0,0.07127884415494427,1,0.0,1.0,0
626,2,2.1379310344827585,0,0,-0.09113193818862174,1,0.0,0.0,0
366,1,2.3448275862068964,1,0,2.6330382509874575,0,1.0,0.0,1
514,3,-0.13793103448275862,0,0,-0.30136511676252514,1,0.0,1.0,0
564,3,-0.3103448275862069,0,0,-0.277362968609244,0,0.0,1.0,0
554,3,-0.27586206896551724,0,0,-0.2892730926477721,0,0.0,1.0,1
739,3,-0.06896551724137931,0,0,-0.2840412999792114,1,0.0,1.0,0
710,1,-0.13793103448275862,0,0,1.5179994456378627,0,1.0,0.0,1
333,3,-0.6896551724137931,1,0,0.15356697387568427,1,0.0,1.0,0
624,3,-0.3448275862068966,0,0,0.07127884415494427,1,0.0,1.0,0
104,3,0.7586206896551724,1,0,-0.2827766613540295,1,0.0,1.0,0
128,3,-0.3103448275862069,1,1,0.34232295059247453,0,1.0,0.0,1
685,2,-0.06896551724137931,1,1,1.1747713256184602,1,1.0,0.0,0
871,1,1.4482758620689655,1,1,1.6500935486106298,0,0.0,1.0,1
241,3,-0.3103448275862069,1,0,0.04529311897997366,0,0.0,0.0,1
6,1,1.9310344827586208,0,0,1.6201363384380845,1,0.0,1.0,0
585,1,-0.5517241379310345,0,1,2.8236002356039083,0,0.0,1.0,1
403,3,0.13793103448275862,1,0,0.06045145866537313,1,0.0,1.0,0
733,2,-0.20689655172413793,0,0,-0.06298073591573695,1,0.0,1.0,0
549,2,-1.2413793103448276,1,1,0.9656208855935139,1,0.0,1.0,1
589,3,-0.06896551724137931,0,0,-0.277362968609244,1,0.0,1.0,0
590,3,0.6206896551724138,0,0,-0.31742429492065694,1,0.0,1.0,0
61,1,0.8275862068965517,0,0,2.8387585752893076,0,0.0,1.0,1
526,2,1.6551724137931034,0,0,-0.1712545908114476,0,0.0,1.0,1
445,1,-1.5172413793103448,0,1,2.919240697110387,1,0.0,1.0,1
62,1,1.3103448275862069,1,0,2.9892592335943453,1,0.0,1.0,0
37,3,-0.3448275862068966,0,0,-0.277362968609244,1,0.0,1.0,0
744,3,0.3448275862068966,0,0,-0.2827766613540295,1,0.0,1.0,1
629,3,-0.06896551724137931,0,0,-0.29107910054743263,1,0.0,0.0,0
165,3,-1.1724137931034482,0,1,0.26292356732035194,1,0.0,1.0,1
650,3,-0.06896551724137931,0,0,-0.2840412999792114,1,0.0,1.0,0
833,3,-0.20689655172413793,0,0,-0.2858429769246761,1,0.0,1.0,0
550,1,-0.6206896551724138,0,1,4.1763001524495875,1,1.0,0.0,1
696,3,1.2413793103448276,0,0,-0.277362968609244,1,0.0,1.0,0
400,3,0.896551724137931,0,0,-0.2827766613540295,1,0.0,1.0,1
781,1,-0.6206896551724138,1,0,1.84263911024877,0,0.0,1.0,1
12,3,-0.41379310344827586,0,0,-0.277362968609244,1,0.0,1.0,0
835,1,0.896551724137931,1,1,2.9755431016561564,0,1.0,0.0,1
687,3,-0.4827586206896552,0,0,-0.18551209202411476,1,0.0,1.0,0
439,2,0.3448275862068966,0,0,-0.1712545908114476,1,0.0,1.0,0
286,3,0.27586206896551724,0,0,-0.21456413276973182,1,0.0,1.0,1
144,2,-0.5517241379310345,0,0,-0.12794504885316332,1,0.0,1.0,0
639,3,-0.06896551724137931,1,0,0.07127884415494427,1,0.0,1.0,0
413,2,0.27586206896551724,0,0,-0.6260047813734322,1,0.0,1.0,0
692,3,-0.06896551724137931,0,0,1.8208024391934032,1,0.0,1.0,1
674,2,0.27586206896551724,0,0,-0.6260047813734322,1,0.0,1.0,0
477,3,0.20689655172413793,1,0,-0.32085441064375303,1,0.0,1.0,0
25,3,0.8275862068965517,1,1,0.7333734668422146,0,0.0,1.0,1
81,3,0.20689655172413793,0,0,-0.21456413276973182,1,0.0,1.0,1
361,2,0.20689655172413793,1,0,0.5745703693437738,1,1.0,0.0,0
133,2,0.20689655172413793,1,0,0.5000433095419583,0,0.0,1.0,1
1,1,0.8275862068965517,1,0,2.4612422909015312,0,1.0,0.0,1
663,3,0.6896551724137931,0,0,-0.30136511676252514,1,0.0,1.0,0
19,3,-0.3103448275862069,0,0,-0.31309334072482853,0,1.0,0.0,1
29,3,-0.06896551724137931,0,0,-0.2840412999792114,1,0.0,1.0,0
334,1,0.6206896551724138,1,0,5.162315501351258,0,0.0,1.0,1
501,3,-0.3448275862068966,0,0,-0.29035583119672925,0,0.0,0.0,0
856,1,1.3103448275862069,1,1,6.51429647980043,0,0.0,1.0,1
583,1,0.6896551724137931,0,0,1.1117905897027232,1,1.0,0.0,0
350,3,-0.20689655172413793,0,0,-0.22647425680826,1,0.0,1.0,0
83,1,0.13793103448275862,0,0,1.4138746448617558,1,0.0,1.0,0
495,3,-0.06896551724137931,0,0,0.00017756912202893625,1,1.0,0.0,0
330,3,-0.3103448275862069,1,0,0.38094206915667655,0,0.0,0.0,1
53,2,0.20689655172413793,1,0,0.5000433095419583,0,0.0,1.0,1
890,3,0.41379310344827586,0,0,-0.29035583119672925,1,0.0,0.0,0
173,3,-0.3448275862068966,0,0,-0.2827766613540295,1,0.0,1.0,0
436,3,-0.3448275862068966,1,1,0.8627607234425888,0,0.0,1.0,0
488,3,0.27586206896551724,0,0,-0.277362968609244,1,0.0,1.0,0
570,2,2.4827586206896552,0,0,-0.1712545908114476,1,0.0,1.0,1
759,1,0.4827586206896552,0,0,3.120270598018155,0,0.0,1.0,1
815,1,0.9655172413793104,0,0,-0.6260047813734322,1,0.0,1.0,0
466,2,0.27586206896551724,0,0,-0.6260047813734322,1,0.0,1.0,0
839,1,0.9655172413793104,0,0,0.6602886147876099,1,1.0,0.0,1
758,3,0.5517241379310345,0,0,-0.277362968609244,1,0.0,1.0,0
423,3,0.13793103448275862,1,1,-0.002347377174138998,0,0.0,1.0,0
872,1,0.4827586206896552,0,0,-0.40945707158201095,1,0.0,1.0,0
149,2,1.103448275862069,0,0,-0.06298073591573695,1,0.0,1.0,0
516,2,0.5517241379310345,0,0,-0.1712545908114476,0,0.0,1.0,1
218,1,0.41379310344827586,0,0,2.6781538008454024,0,1.0,0.0,1
854,2,1.2413793103448276,1,0,0.5000433095419583,0,0.0,1.0,0
494,3,-0.3448275862068966,0,0,-0.277362968609244,1,0.0,1.0,0
464,3,-0.06896551724137931,0,0,-0.277362968609244,1,0.0,1.0,0
143,3,-0.4827586206896552,0,0,-0.3336653731550135,1,0.0,0.0,0
126,3,-0.06896551724137931,0,0,-0.29035583119672925,1,0.0,0.0,0
152,3,2.0344827586206895,0,0,-0.277362968609244,1,0.0,1.0,0
238,2,-0.4827586206896552,0,0,-0.1712545908114476,1,0.0,1.0,0
592,3,1.4482758620689655,0,0,-0.3120106021758714,1,0.0,1.0,0
535,2,-1.3103448275862069,0,1,0.5108706950315294,0,0.0,1.0,1
818,3,1.1724137931034482,0,0,-0.3466582357424988,1,0.0,1.0,0
247,2,-0.13793103448275862,0,1,0.001983577021689412,0,0.0,1.0,1
573,3,-0.3103448275862069,0,0,-0.29035583119672925,0,0.0,0.0,1
108,3,0.8275862068965517,0,0,-0.2840412999792114,1,0.0,1.0,0
383,1,0.6206896551724138,1,0,1.6260914004573488,0,0.0,1.0,1
337,1,1.0344827586206897,0,0,5.199128612015799,0,1.0,0.0,1
868,3,-0.06896551724137931,0,0,-0.21456413276973182,1,0.0,1.0,0
604,1,0.6206896551724138,0,0,0.5238635576190146,1,1.0,0.0,1
44,3,-0.4827586206896552,0,0,-0.28476023837571895,0,0.0,0.0,1
601,3,-0.06896551724137931,0,0,-0.2840412999792114,1,0.0,1.0,0
405,2,0.5517241379310345,1,0,0.283495599750537,1,0.0,1.0,0
712,1,1.5172413793103448,1,0,1.6260914004573488,1,0.0,1.0,1
506,2,0.4827586206896552,0,1,0.5000433095419583,0,0.0,1.0,1
324,3,-0.06896551724137931,1,1,2.3861738618252373,1,0.0,1.0,0
791,2,-0.6896551724137931,0,0,0.5000433095419583,1,0.0,1.0,0
168,1,0.9655172413793104,0,0,0.49679509389508697,1,0.0,1.0,0
137,1,0.7586206896551724,1,0,1.6737318966114614,1,0.0,1.0,0
422,3,0.20689655172413793,0,0,-0.2849421384519437,1,0.0,1.0,0
220,3,-0.6896551724137931,0,0,-0.277362968609244,1,0.0,1.0,1
225,3,-0.27586206896551724,0,0,-0.2210605640634745,1,0.0,1.0,0
454,3,-0.06896551724137931,0,0,-0.277362968609244,1,0.0,1.0,0
519,3,0.41379310344827586,0,0,-0.2840412999792114,1,0.0,1.0,0
787,3,-1.2413793103448276,1,1,0.6353856281615965,1,0.0,0.0,0
627,1,-0.3448275862068966,0,0,2.7503334834730784,0,0.0,1.0,1
579,3,0.41379310344827586,0,0,-0.2827766613540295,1,0.0,1.0,1
355,3,0.13793103448275862,0,0,-0.21456413276973182,1,0.0,1.0,0
689,1,-0.7586206896551724,0,1,8.526925542235466,0,0.0,1.0,1
136,1,-0.4827586206896552,0,1,0.5123129027787402,0,0.0,1.0,1
728,2,-0.06896551724137931,1,0,0.5000433095419583,1,0.0,1.0,0
761,3,1.0344827586206897,0,0,-0.31742429492065694,1,0.0,1.0,0
673,2,0.3448275862068966,0,0,-0.06298073591573695,1,0.0,1.0,1
812,2,0.6206896551724138,0,0,-0.1712545908114476,1,0.0,1.0,0
776,3,-0.06896551724137931,0,0,-0.29035583119672925,1,0.0,0.0,0
807,3,-0.5517241379310345,0,0,-0.2892730926477721,0,0.0,1.0,0
293,3,-0.13793103448275862,0,0,-0.2427153350426166,0,0.0,1.0,0
842,1,0.27586206896551724,0,0,0.7165910193333795,0,1.0,0.0,1
10,3,-1.5172413793103448,1,1,0.09726456932991473,0,0.0,1.0,1
855,3,-0.5517241379310345,0,1,-0.2210605640634745,0,0.0,1.0,1
540,1,0.6896551724137931,0,1,2.4489726976647495,0,0.0,1.0,1
251,3,0.20689655172413793,1,1,-0.17287869863488323,0,0.0,1.0,0
207,3,0.0,0,0,0.18767323816783318,1,1.0,0.0,1
393,1,-0.20689655172413793,1,0,4.279883583951216,0,1.0,0.0,1
636,3,0.41379310344827586,0,0,-0.2827766613540295,1,0.0,1.0,0
69,3,0.0,1,0,-0.2508358741597949,1,0.0,1.0,0
194,1,1.2413793103448276,0,0,0.5745703693437738,0,1.0,0.0,1
649,3,-0.20689655172413793,0,0,-0.2990177395883861,0,0.0,1.0,1
572,1,0.6896551724137931,0,0,0.5168257570507934,1,0.0,1.0,1
840,3,-0.41379310344827586,0,0,-0.2827766613540295,1,0.0,1.0,0
112,3,-0.27586206896551724,0,0,-0.277362968609244,1,0.0,1.0,0
325,1,0.6896551724137931,0,0,5.248211315917122,0,1.0,0.0,1
612,3,-0.3103448275862069,1,0,0.04529311897997366,0,0.0,0.0,1
312,2,0.0,1,1,0.5000433095419583,0,0.0,1.0,0
432,2,1.103448275862069,1,0,0.5000433095419583,0,0.0,1.0,1
502,3,-0.3103448275862069,0,0,-0.29558762386529,0,0.0,0.0,0
341,1,-0.13793103448275862,1,1,10.764404753655324,0,0.0,1.0,1
611,3,-0.06896551724137931,0,0,-0.32067251056752827,1,0.0,1.0,0
788,3,-1.7241379310344827,1,1,0.2650890444182662,1,0.0,1.0,1
507,1,0.9655172413793104,0,0,0.5238635576190146,1,0.0,1.0,1
622,3,-0.41379310344827586,1,1,0.055761035271290955,1,1.0,0.0,1
441,3,-0.41379310344827586,0,0,-0.21456413276973182,1,0.0,1.0,0
281,3,0.13793103448275862,0,0,-0.2858429769246761,1,0.0,1.0,0
407,2,-1.5862068965517242,1,1,0.18604913034439746,1,0.0,1.0,1
187,1,1.3103448275862069,0,0,0.5238635576190146,1,0.0,1.0,1
442,3,-0.06896551724137931,1,0,-0.2892730926477721,1,0.0,1.0,0
634,3,-1.1724137931034482,1,1,0.5823314392626983,0,0.0,1.0,0
705,2,0.896551724137931,0,0,0.5000433095419583,1,0.0,1.0,0
459,3,-0.06896551724137931,0,0,-0.29035583119672925,1,0.0,0.0,0
92,1,1.3793103448275863,1,0,2.0234564479246067,1,0.0,1.0,0
410,3,-0.06896551724137931,0,0,-0.2840412999792114,1,0.0,1.0,0
651,2,-0.5517241379310345,0,1,0.37011468366710554,0,0.0,1.0,1
574,3,-0.6896551724137931,0,0,-0.277362968609244,1,0.0,1.0,0
873,3,1.4482758620689655,0,0,-0.23621890374887394,1,0.0,1.0,0
503,3,0.7586206896551724,0,0,-0.21077454784838193,0,0.0,1.0,0
686,3,-0.8275862068965517,1,1,1.092842665095974,1,0.0,1.0,0
475,1,0.9655172413793104,0,0,1.6260914004573488,1,0.0,1.0,0
805,3,0.3448275862068966,0,0,-0.2892730926477721,1,0.0,1.0,0
557,1,0.9655172413793104,0,0,9.227998752685192,1,1.0,0.0,0
658,2,-0.20689655172413793,0,0,-0.06298073591573695,1,0.0,1.0,0
130,3,0.4827586206896552,0,0,-0.2840412999792114,1,1.0,0.0,0
811,3,0.896551724137931,0,0,0.41992065691913233,1,0.0,1.0,0
562,2,0.13793103448275862,0,0,-0.041325964936594836,1,0.0,1.0,0
609,1,0.9655172413793104,0,0,6.020385801399765,0,0.0,1.0,1
197,3,1.103448275862069,0,1,-0.26202272884761973,1,0.0,1.0,0
215,1,0.3448275862068966,1,0,4.279883583951216,0,1.0,0.0,1
752,3,0.4827586206896552,0,0,-0.21456413276973182,1,0.0,1.0,0
884,3,-0.06896551724137931,0,0,-0.32067251056752827,1,0.0,1.0,0
797,3,0.3448275862068966,0,0,-0.2499350356870626,0,0.0,1.0,1
481,2,0.27586206896551724,0,0,-0.6260047813734322,1,0.0,1.0,0
575,3,-0.4827586206896552,0,0,0.001983577021689412,1,0.0,1.0,0
471,3,0.8275862068965517,0,0,-0.2508358741597949,1,0.0,1.0,0
440,2,1.3103448275862069,1,1,0.5108706950315294,0,0.0,1.0,1
736,3,1.5172413793103448,1,1,0.8627607234425888,0,0.0,1.0,0
681,1,0.06896551724137931,0,0,2.6971017254521517,1,1.0,0.0,1
257,1,0.27586206896551724,0,0,3.120270598018155,0,0.0,1.0,1
428,3,-0.06896551724137931,0,0,-0.29035583119672925,1,0.0,0.0,0
850,3,-1.5172413793103448,1,1,0.7285011433719076,1,0.0,1.0,0
497,3,-0.06896551724137931,0,0,0.027969302196659943,1,0.0,1.0,0
635,2,0.13793103448275862,0,0,-0.06298073591573695,0,0.0,1.0,1
490,3,-0.06896551724137931,1,0,0.2387438500450419,1,0.0,1.0,0
665,2,0.41379310344827586,1,0,2.55724655256046,1,0.0,1.0,0
460,1,1.5172413793103448,0,0,0.5238635576190146,1,0.0,1.0,1
76,3,-0.06896551724137931,0,0,-0.2840412999792114,1,0.0,1.0,0
552,3,-0.06896551724137931,0,0,-0.28692571547363316,1,0.0,0.0,0
806,1,0.896551724137931,0,0,-0.6260047813734322,1,0.0,1.0,0
786,3,-0.5517241379310345,0,0,-0.30136511676252514,0,0.0,1.0,1
65,3,-0.06896551724137931,1,1,0.03428383341417777,1,1.0,0.0,1
819,3,-1.103448275862069,1,1,0.5823314392626983,1,0.0,1.0,0
206,3,0.41379310344827586,1,0,0.06045145866537313,1,0.0,1.0,0
8,3,0.06896551724137931,0,1,-0.14382665788926616,0,0.0,1.0,1
77,3,-0.06896551724137931,0,0,-0.277362968609244,1,0.0,1.0,0
772,2,2.1379310344827585,0,0,-0.1712545908114476,0,0.0,1.0,0
58,2,-1.4482758620689655,1,1,0.5758350079689557,0,0.0,1.0,1
472,2,0.4827586206896552,1,1,0.5758350079689557,0,0.0,1.0,1
424,3,-0.5517241379310345,1,1,0.24938933545838812,1,0.0,1.0,0
377,1,0.06896551724137931,0,1,8.533963342803686,1,1.0,0.0,0
480,3,-1.1724137931034482,1,1,1.405212736470099,1,0.0,1.0,0
496,1,1.9310344827586208,1,0,2.7636901462130137,0,1.0,0.0,1
631,3,1.7241379310344827,0,0,-0.32049061049130345,1,0.0,1.0,0
857,1,1.7241379310344827,0,0,0.5238635576190146,1,0.0,1.0,1
319,1,0.9655172413793104,1,1,5.199128612015799,0,1.0,0.0,1
364,3,-0.06896551724137931,1,0,0.04529311897997366,1,0.0,0.0,0
412,1,0.4827586206896552,1,0,3.27185399487215,0,0.0,0.0,1
141,3,-0.27586206896551724,0,0,-0.29035583119672925,0,0.0,1.0,1
88,1,-0.20689655172413793,1,1,10.764404753655324,0,0.0,1.0,1
647,1,2.0689655172413794,0,0,0.9114839581456586,1,1.0,0.0,1
323,2,-0.27586206896551724,1,1,0.629971935416811,0,0.0,1.0,1
321,3,0.06896551724137931,0,0,-0.2840412999792114,1,0.0,1.0,0
60,3,-0.27586206896551724,0,0,-0.3129114406486037,1,1.0,0.0,0
486,1,0.6206896551724138,1,0,3.27185399487215,0,0.0,1.0,1
385,2,-0.5517241379310345,0,0,2.55724655256046,1,0.0,1.0,0
419,3,-1.103448275862069,0,1,0.41992065691913233,0,0.0,1.0,0
433,3,-0.6206896551724138,0,0,-0.31742429492065694,1,0.0,1.0,0
301,3,-0.06896551724137931,1,0,0.38094206915667655,1,0.0,0.0,1
869,3,-1.5172413793103448,1,1,-0.14382665788926616,1,0.0,1.0,1
296,3,-0.1724137931034483,0,0,-0.3129114406486037,1,1.0,0.0,0
315,3,0.0,0,0,-0.2858429769246761,0,0.0,1.0,1
829,1,2.4827586206896552,0,0,2.8387585752893076,0,0.0,1.0,1
46,3,-0.06896551724137931,1,0,0.04529311897997366,1,0.0,0.0,0
86,3,-0.6896551724137931,1,1,0.8627607234425888,1,0.0,1.0,0
109,3,-0.3103448275862069,1,0,0.41992065691913233,0,0.0,0.0,1
360,3,0.9655172413793104,1,1,0.5823314392626983,1,0.0,1.0,0
645,1,1.5172413793103448,1,0,2.6971017254521517,1,1.0,0.0,1
16,3,-1.6551724137931034,1,1,0.6353856281615965,1,0.0,0.0,0
493,1,3.103448275862069,0,0,1.5179994456378627,1,1.0,0.0,0
193,2,-1.5862068965517242,1,1,0.5000433095419583,1,0.0,1.0,1
849,1,0.6206896551724138,1,0,3.2330573071859194,0,1.0,0.0,1
628,3,0.0,0,0,-0.2840412999792114,1,0.0,1.0,0
401,3,0.0,0,0,-0.277362968609244,1,0.0,1.0,0
539,1,-0.27586206896551724,0,1,1.517817545561638,0,1.0,0.0,1
438,1,2.6206896551724137,1,1,10.764404753655324,1,0.0,1.0,0
140,3,-0.3103448275862069,0,1,0.03428383341417777,0,1.0,0.0,0
198,3,-0.3103448275862069,0,0,-0.29035583119672925,0,0.0,0.0,1
467,1,2.0689655172413794,0,0,0.5238635576190146,1,0.0,1.0,0
14,3,-0.8275862068965517,0,0,-0.2858429769246761,0,0.0,1.0,0
87,3,-0.06896551724137931,0,0,-0.277362968609244,1,0.0,1.0,0
265,2,0.6896551724137931,0,0,-0.1712545908114476,1,0.0,1.0,0
262,1,1.793103448275862,1,1,2.8236002356039083,1,0.0,1.0,0
222,3,1.7241379310344827,0,0,-0.277362968609244,1,0.0,1.0,0
755,2,-1.7468965517241377,1,1,0.001983577021689412,1,0.0,1.0,1
259,2,1.6551724137931034,0,1,0.5000433095419583,0,0.0,1.0,1
3,1,0.6206896551724138,1,0,1.6737318966114614,0,0.0,1.0,1
354,3,-0.06896551724137931,0,0,-0.31309334072482853,1,1.0,0.0,0
489,3,-1.1724137931034482,1,1,0.06261693576328738,1,0.0,1.0,1
615,2,-0.13793103448275862,1,1,2.1891154459150437,0,0.0,1.0,1
473,2,-0.20689655172413793,0,0,-0.028692571547363297,0,1.0,0.0,1
661,3,0.9655172413793104,0,0,-0.31309334072482853,1,1.0,0.0,0
139,1,-0.13793103448275862,0,0,2.8041109417226804,1,1.0,0.0,0
67,3,-0.4827586206896552,0,0,-0.27267254521516177,1,0.0,1.0,0
515,1,1.4482758620689655,0,0,0.8474204836809646,1,0.0,1.0,0
342,2,0.13793103448275862,0,0,-0.06298073591573695,1,0.0,1.0,0
56,2,-0.3448275862068966,0,0,-0.1712545908114476,0,0.0,1.0,1
304,3,-0.06896551724137931,0,0,-0.277362968609244,1,0.0,1.0,0
745,1,3.0344827586206895,1,1,2.4489726976647495,1,0.0,1.0,0
51,3,-0.3448275862068966,0,0,-0.28819035409881505,1,0.0,1.0,0
513,1,1.9310344827586208,1,0,1.946582010948652,0,1.0,0.0,1
465,3,0.8275862068965517,0,0,-0.32067251056752827,1,0.0,1.0,0
530,2,-1.6551724137931034,1,1,0.5000433095419583,0,0.0,1.0,1
780,3,-0.896551724137931,0,0,-0.3129114406486037,0,1.0,0.0,1
305,1,-1.729655172413793,1,1,5.937556302404546,1,0.0,1.0,1
434,1,1.6551724137931034,1,0,1.7949986140946572,1,0.0,1.0,0
537,1,0.27586206896551724,0,0,3.983213221536969,0,1.0,0.0,1
695,2,1.793103448275862,0,0,-0.041325964936594836,1,0.0,1.0,0
357,2,0.8275862068965517,0,0,-0.06298073591573695,0,0.0,1.0,0
186,3,-0.3103448275862069,1,0,0.04529311897997366,0,0.0,0.0,1
555,1,2.4827586206896552,0,0,0.5238635576190146,1,0.0,1.0,0
129,3,1.3103448275862069,0,0,-0.32392072621439955,1,0.0,1.0,0
359,3,-0.3103448275862069,0,0,-0.28476023837571895,0,0.0,0.0,1
244,3,0.27586206896551724,0,0,-0.31309334072482853,1,1.0,0.0,0
255,3,0.20689655172413793,0,1,0.03428383341417777,0,1.0,0.0,1
782,1,0.20689655172413793,0,0,0.6732814773750952,1,0.0,1.0,0
390,1,0.6896551724137931,1,1,4.571140253620677,1,0.0,1.0,1
720,2,-1.3793103448275863,0,1,0.803210103249948,0,0.0,1.0,1
154,3,-0.06896551724137931,0,0,-0.30930375580347863,1,0.0,1.0,0
371,3,-0.5517241379310345,1,0,-0.3446746587208094,1,0.0,1.0,0
889,1,0.0,0,0,0.6732814773750952,1,1.0,0.0,1
582,2,1.9310344827586208,0,0,0.5000433095419583,1,0.0,1.0,0
847,3,0.6206896551724138,0,0,-0.2840412999792114,1,1.0,0.0,0
158,3,-0.06896551724137931,0,0,-0.2508358741597949,1,0.0,1.0,0
765,1,1.7241379310344827,1,0,2.7503334834730784,0,0.0,1.0,1
843,3,0.5862068965517241,0,0,-0.34719960501697733,1,1.0,0.0,0
271,3,-0.06896551724137931,0,0,-0.6260047813734322,1,0.0,1.0,1
484,1,-0.06896551724137931,1,0,3.3185936525535307,1,1.0,0.0,1
146,3,0.06896551724137931,0,0,-0.28837225417503987,1,0.0,1.0,1
717,2,0.06896551724137931,0,0,-0.1712545908114476,0,0.0,1.0,1
790,3,-0.06896551724137931,0,0,-0.29035583119672925,1,0.0,0.0,0
394,3,-0.13793103448275862,0,1,0.09726456932991473,0,0.0,1.0,1
826,3,-0.06896551724137931,0,0,1.8208024391934032,1,0.0,1.0,0
418,2,0.27586206896551724,0,0,-0.06298073591573695,1,0.0,1.0,0
576,2,0.5517241379310345,0,0,-0.06298073591573695,0,0.0,1.0,1
837,3,-0.06896551724137931,0,0,-0.277362968609244,1,0.0,1.0,0
882,3,-0.27586206896551724,0,0,-0.17053132146074423,0,0.0,1.0,0
680,3,-0.3103448275862069,0,0,-0.27357338368789413,0,0.0,0.0,0
588,3,-0.27586206896551724,0,0,-0.277362968609244,1,0.0,1.0,0
290,1,0.0,0,0,2.7889526020372806,0,0.0,1.0,1
411,3,-0.06896551724137931,0,0,-0.32897494976093133,1,0.0,0.0,0
630,1,3.7241379310344827,0,0,0.6732814773750952,1,0.0,1.0,1
213,2,0.27586206896551724,0,0,-0.06298073591573695,1,0.0,1.0,0
358,3,-0.3103448275862069,0,0,-0.28476023837571895,0,0.0,0.0,1
180,3,-0.3103448275862069,1,1,2.3861738618252373,0,0.0,1.0,0
380,1,1.103448275862069,0,0,9.227998752685192,0,1.0,0.0,1
99,2,0.5517241379310345,1,0,0.5000433095419583,1,0.0,1.0,0
135,2,-0.20689655172413793,0,0,0.025621925022520947,1,1.0,0.0,0
176,3,-0.06896551724137931,1,1,0.4769463308156052,1,0.0,1.0,0
504,1,-0.6896551724137931,0,0,3.120270598018155,0,0.0,1.0,1
559,3,0.6896551724137931,1,0,0.12758124870071366,0,0.0,1.0,1
596,2,0.13793103448275862,0,0,0.803210103249948,0,0.0,1.0,1
887,1,-0.4827586206896552,0,0,0.6732814773750952,0,0.0,1.0,1
39,3,-0.8275862068965517,1,0,-0.13913190354098817,0,1.0,0.0,1
340,2,-1.6551724137931034,1,1,0.5000433095419583,1,0.0,1.0,1
2,3,0.0,0,0,-0.2827766613540295,0,0.0,1.0,1
451,3,-0.06896551724137931,1,0,0.2387438500450419,1,0.0,1.0,0
823,3,0.06896551724137931,0,1,-0.0857182454438362,0,0.0,1.0,1
817,2,0.3448275862068966,1,1,0.9766301711593096,1,1.0,0.0,0
68,3,-0.6206896551724138,1,1,-0.2827766613540295,0,0.0,1.0,1
208,3,-0.6896551724137931,0,0,-0.29035583119672925,0,0.0,0.0,1
608,2,-0.27586206896551724,1,1,1.1747713256184602,0,1.0,0.0,1
420,3,-0.06896551724137931,0,0,-0.2840412999792114,1,1.0,0.0,0
253,3,0.27586206896551724,1,0,0.07127884415494427,1,0.0,1.0,0
846,3,-0.06896551724137931,1,1,2.3861738618252373,1,0.0,1.0,0
339,1,1.3103448275862069,0,0,0.9114839581456586,1,0.0,1.0,0
409,3,-0.3103448275862069,1,1,0.4769463308156052,0,0.0,1.0,0
111,3,-0.7931034482758621,1,0,0.0,0,1.0,0.0,0
224,1,0.8275862068965517,1,0,3.27185399487215,1,0.0,1.0,1
544,1,1.6551724137931034,1,0,3.983213221536969,1,1.0,0.0,0
73,3,0.0,1,0,0.0,1,1.0,0.0,0
47,3,-0.3103448275862069,0,0,-0.29035583119672925,0,0.0,0.0,1
638,3,1.0344827586206897,0,1,1.092842665095974,0,0.0,1.0,0
113,3,-0.41379310344827586,1,0,-0.20048853163328947,0,0.0,1.0,0
96,1,3.103448275862069,0,0,0.8748527475573419,1,1.0,0.0,0
737,1,0.6206896551724138,0,0,21.56273820248077,1,1.0,0.0,1
214,3,-0.06896551724137931,1,0,-0.29035583119672925,1,0.0,0.0,0
569,3,0.41379310344827586,0,0,-0.2858429769246761,1,0.0,1.0,1
123,2,0.4482758620689655,0,0,-0.06298073591573695,0,0.0,1.0,1
106,3,-0.3448275862068966,0,0,-0.29468678539255766,0,0.0,1.0,1
595,3,0.6896551724137931,1,1,0.41992065691913233,1,0.0,1.0,0
17,2,0.27586206896551724,0,0,-0.06298073591573695,1,0.0,1.0,1
742,1,-0.3448275862068966,1,1,10.737336289931397,0,1.0,0.0,1
98,2,0.5517241379310345,0,1,0.37011468366710554,0,0.0,1.0,1
322,2,0.27586206896551724,0,0,-0.09113193818862174,0,0.0,0.0,1
382,3,0.41379310344827586,0,0,-0.2827766613540295,1,0.0,1.0,0
365,3,0.27586206896551724,0,0,-0.3120106021758714,1,0.0,1.0,0
510,3,0.20689655172413793,0,0,-0.29035583119672925,1,0.0,0.0,1
